PolicyID,UnderwriterID,PolicyType,PolicyLimit_USD,Deductible_USD,AttachmentPoint_USD,ParticipationShare,LimitBasis,PolicyStatus,TIV,Number of Stories
POL00001,UW009,Commercial Package,25000000,10000,100000,1,Aggregate,Active,1276768,7
POL00002,UW002,Property,2500000,50000,500000,1,Aggregate,Active,3225425,20
POL00003,UW012,Property,10000000,25000,250000,0.75,Aggregate,Review,5308231,12
POL00004,UW012,Property,5000000,250000,250000,0.8,Occurrence,Active,3528546,9
POL00005,UW004,Commercial Package,25000000,25000,100000,1,Aggregate,Active,3511037,2
POL00006,UW003,Industrial,5000000,250000,500000,0.5,Aggregate,Active,3773264,6
POL00007,UW002,Commercial Package,25000000,100000,250000,0.9,Aggregate,Active,4680983,5
POL00008,UW008,Property,5000000,25000,0,0.8,Occurrence,Active,1617569,4
POL00009,UW009,Property,5000000,50000,500000,1,Aggregate,Active,3824451,14
POL00010,UW011,Property,10000000,50000,100000,1,Occurrence,Active,2706721,18
POL00011,UW004,Commercial Package,1000000,25000,250000,1,Aggregate,Active,4509854,16
POL00012,UW005,Property,5000000,50000,100000,0.75,Occurrence,Review,1860019,7
POL00013,UW008,Industrial,1000000,50000,100000,0.9,Aggregate,Active,3295601,9
POL00014,UW005,Commercial Package,25000000,100000,0,0.8,Aggregate,Active,1814551,19
POL00015,UW010,Property,25000000,100000,100000,0.8,Aggregate,Active,4317137,9
POL00016,UW006,Property,1000000,10000,500000,0.8,Aggregate,Review,1082120,13
POL00017,UW007,Property,25000000,10000,250000,0.9,Aggregate,Active,4404651,7
POL00018,UW009,Property,5000000,50000,0,1,Occurrence,Review,3629442,5
POL00019,UW002,Industrial,1000000,10000,100000,0.75,Occurrence,Active,3962981,12
POL00020,UW002,Commercial Package,1000000,50000,250000,0.8,Aggregate,Active,1241873,5
POL00021,UW009,Commercial Package,10000000,100000,0,1,Aggregate,Active,4565196,5
POL00022,UW003,Property,25000000,10000,500000,0.75,Aggregate,Active,4970331,14
POL00023,UW001,Industrial,2500000,10000,0,1,Occurrence,Review,2007631,12
POL00024,UW003,Property,1000000,10000,100000,0.75,Aggregate,Active,1203662,19
POL00025,UW008,Property,10000000,100000,250000,0.5,Aggregate,Active,2129368,2
POL00026,UW004,Property,1000000,25000,0,1,Aggregate,Active,4726645,7
POL00027,UW009,Property,5000000,10000,250000,1,Aggregate,Active,2706010,1
POL00028,UW005,Industrial,2500000,250000,250000,0.5,Aggregate,Review,2968148,17
POL00029,UW006,Property,2500000,25000,250000,1,Aggregate,Active,965986,5
POL00030,UW001,Commercial Package,10000000,10000,500000,0.8,Aggregate,Active,4067854,6
POL00031,UW002,Industrial,2500000,10000,500000,0.5,Occurrence,Active,1518000,12
POL00032,UW006,Commercial Package,25000000,50000,250000,0.75,Occurrence,Active,2304971,15
POL00033,UW005,Property,25000000,50000,0,0.75,Occurrence,Active,4179759,8
POL00034,UW012,Commercial Package,5000000,25000,500000,0.9,Aggregate,Review,3408858,2
POL00035,UW009,Industrial,25000000,25000,500000,0.9,Aggregate,Active,3683702,11
POL00036,UW001,Industrial,1000000,250000,0,0.5,Occurrence,Active,2767860,15
POL00037,UW007,Industrial,5000000,10000,500000,0.8,Occurrence,Active,4746472,11
POL00038,UW007,Industrial,1000000,50000,100000,0.75,Aggregate,Active,2157118,9
POL00039,UW001,Property,5000000,100000,250000,0.5,Aggregate,Active,5274022,20
POL00040,UW011,Industrial,5000000,100000,0,0.75,Occurrence,Review,2560698,20
POL00041,UW012,Property,2500000,10000,0,0.5,Aggregate,Active,4078059,15
POL00042,UW002,Industrial,5000000,10000,500000,1,Occurrence,Active,4453073,6
POL00043,UW001,Commercial Package,1000000,100000,0,0.9,Aggregate,Review,3055685,7
POL00044,UW011,Property,10000000,25000,0,0.5,Aggregate,Active,2902693,3
POL00045,UW011,Commercial Package,10000000,25000,0,0.8,Occurrence,Active,4102652,19
POL00046,UW009,Industrial,10000000,10000,500000,0.5,Aggregate,Active,2129752,1
POL00048,UW010,Commercial Package,1000000,50000,0,0.8,Aggregate,Review,3676728,10
POL00049,UW012,Industrial,25000000,25000,250000,0.8,Occurrence,Active,1370303,5
POL00050,UW006,Commercial Package,5000000,100000,500000,0.75,Aggregate,Active,3782869,14
POL00051,UW006,Commercial Package,2500000,100000,500000,1,Occurrence,Active,1933097,12
POL00052,UW008,Industrial,2500000,50000,500000,0.8,Occurrence,Active,3503521,14
POL00053,UW009,Industrial,5000000,250000,250000,0.75,Occurrence,Active,4477590,9
POL00054,UW002,Industrial,2500000,100000,500000,0.5,Occurrence,Active,1954980,10
POL00055,UW012,Property,25000000,10000,100000,0.8,Aggregate,Review,2749389,7
POL00056,UW009,Industrial,1000000,50000,500000,0.8,Aggregate,Active,4285753,17
POL00057,UW004,Industrial,25000000,50000,0,0.9,Aggregate,Active,4097130,14
POL00058,UW008,Property,2500000,10000,0,1,Occurrence,Active,3273519,19
POL00059,UW009,Industrial,2500000,100000,100000,0.8,Occurrence,Active,4996213,20
POL00060,UW002,Property,1000000,10000,250000,0.5,Occurrence,Active,946364,6
POL00061,UW007,Commercial Package,1000000,50000,0,0.9,Aggregate,Active,2821061,17
POL00062,UW006,Property,25000000,50000,500000,0.8,Aggregate,Review,1917611,7
POL00063,UW011,Commercial Package,25000000,250000,0,0.9,Occurrence,Review,1424379,20
POL00064,UW012,Commercial Package,5000000,50000,250000,0.5,Aggregate,Active,3579000,6
POL00065,UW011,Commercial Package,10000000,250000,250000,1,Occurrence,Review,4131379,7
POL00066,UW005,Industrial,1000000,100000,500000,0.5,Occurrence,Active,3157263,19
POL00067,UW012,Commercial Package,2500000,10000,500000,0.9,Occurrence,Review,3147032,5
POL00068,UW004,Industrial,1000000,50000,500000,0.8,Aggregate,Active,614489,3
POL00069,UW009,Commercial Package,1000000,25000,0,1,Occurrence,Active,2498718,14
POL00070,UW009,Industrial,10000000,50000,500000,1,Occurrence,Active,2037378,16
POL00071,UW003,Commercial Package,25000000,10000,500000,1,Aggregate,Active,1244243,20
POL00072,UW007,Property,1000000,50000,250000,1,Occurrence,Active,5240905,17
POL00073,UW001,Commercial Package,2500000,100000,100000,0.9,Occurrence,Review,3454402,20
POL00074,UW006,Industrial,1000000,50000,100000,0.75,Aggregate,Active,2374097,17
POL00075,UW003,Property,10000000,10000,100000,0.5,Occurrence,Review,2317216,13
POL00076,UW012,Industrial,10000000,50000,0,0.9,Aggregate,Active,4253840,20
POL00077,UW007,Industrial,10000000,100000,250000,0.5,Aggregate,Active,3948942,14
POL00078,UW008,Commercial Package,1000000,10000,250000,0.8,Occurrence,Active,2287592,15
POL00079,UW010,Property,1000000,10000,0,0.75,Occurrence,Review,2243322,13
POL00080,UW008,Property,25000000,50000,250000,1,Occurrence,Review,3918511,10
POL00082,UW004,Property,1000000,250000,100000,0.5,Aggregate,Active,2370456,11
POL00083,UW009,Property,10000000,10000,0,0.8,Occurrence,Active,3890658,19
POL00084,UW003,Commercial Package,25000000,250000,250000,0.5,Occurrence,Review,2909289,20
POL00085,UW008,Property,2500000,25000,500000,0.9,Occurrence,Active,1294404,19
POL00086,UW003,Industrial,10000000,250000,0,1,Occurrence,Active,1512407,2
POL00087,UW010,Property,1000000,100000,0,1,Occurrence,Review,3086461,20
POL00088,UW001,Commercial Package,5000000,25000,500000,0.8,Occurrence,Active,2019544,1
POL00089,UW007,Commercial Package,10000000,10000,250000,0.75,Occurrence,Active,4742587,19
POL00090,UW011,Industrial,10000000,250000,500000,1,Occurrence,Active,3009165,1
POL00091,UW002,Commercial Package,25000000,250000,500000,0.8,Occurrence,Review,1418292,1
POL00092,UW011,Property,1000000,250000,100000,0.5,Aggregate,Active,3356708,12
POL00095,UW005,Industrial,10000000,50000,250000,0.9,Aggregate,Active,2921034,18
POL00097,UW012,Industrial,10000000,250000,500000,0.9,Occurrence,Review,4828089,2
POL00098,UW009,Industrial,5000000,10000,250000,0.9,Occurrence,Active,2254631,13
POL00099,UW006,Commercial Package,5000000,50000,100000,0.8,Occurrence,Active,617163,6
POL00100,UW009,Industrial,5000000,50000,250000,0.75,Aggregate,Active,3668919,7
POL00103,UW010,Property,5000000,250000,100000,0.9,Aggregate,Active,3144835,11
POL00105,UW004,Commercial Package,5000000,250000,250000,1,Occurrence,Active,2837682,1
POL00106,UW003,Industrial,5000000,25000,250000,0.75,Aggregate,Active,2205864,16
POL00108,UW010,Commercial Package,2500000,100000,250000,0.9,Aggregate,Active,3198697,18
POL00109,UW002,Commercial Package,5000000,250000,250000,0.5,Aggregate,Active,2166413,6
POL00111,UW008,Industrial,1000000,25000,500000,0.8,Aggregate,Review,2473195,7
POL00112,UW011,Commercial Package,2500000,50000,500000,0.5,Occurrence,Review,3295225,12
POL00113,UW003,Property,10000000,100000,0,0.8,Occurrence,Active,3480851,17
POL00114,UW002,Industrial,1000000,10000,250000,0.5,Aggregate,Active,2482217,15
POL00116,UW011,Industrial,1000000,100000,0,0.75,Occurrence,Active,2645669,10
POL00117,UW005,Commercial Package,1000000,50000,250000,1,Occurrence,Active,2194857,19
POL00118,UW009,Commercial Package,2500000,250000,250000,1,Occurrence,Active,3649630,19
POL00119,UW004,Property,1000000,250000,250000,1,Aggregate,Active,1396588,1
POL00120,UW002,Industrial,25000000,250000,100000,0.5,Aggregate,Review,2884417,15
POL00121,UW004,Property,1000000,10000,500000,0.75,Aggregate,Active,4821543,6
POL00123,UW001,Property,2500000,25000,0,0.8,Aggregate,Review,4601677,16
POL00124,UW004,Property,25000000,250000,500000,0.9,Occurrence,Active,4875499,9
POL00125,UW012,Commercial Package,10000000,100000,100000,0.9,Aggregate,Active,3165838,4
POL00126,UW007,Industrial,25000000,50000,500000,0.75,Aggregate,Active,5212058,15
POL00127,UW008,Industrial,1000000,100000,500000,1,Occurrence,Active,2586809,12
POL00128,UW003,Commercial Package,2500000,10000,500000,1,Occurrence,Active,5330686,4
POL00129,UW004,Industrial,5000000,50000,250000,0.9,Aggregate,Active,2309013,20
POL00130,UW011,Industrial,10000000,250000,0,0.9,Occurrence,Active,1014755,9
POL00132,UW006,Commercial Package,10000000,10000,250000,0.9,Occurrence,Review,1391754,10
POL00133,UW007,Commercial Package,10000000,100000,0,0.9,Aggregate,Active,5368226,5
POL00134,UW003,Property,5000000,50000,500000,0.8,Occurrence,Active,2195010,11
POL00135,UW004,Property,1000000,100000,0,0.8,Occurrence,Active,3317929,20
POL00136,UW002,Industrial,25000000,250000,250000,0.5,Aggregate,Review,1836155,3
POL00137,UW005,Property,2500000,50000,500000,0.75,Occurrence,Review,3469517,8
POL00138,UW004,Property,5000000,25000,0,1,Occurrence,Active,3469937,19
POL00139,UW003,Property,5000000,250000,500000,0.9,Occurrence,Active,4491646,19
POL00140,UW005,Property,25000000,10000,0,0.5,Occurrence,Review,2284864,5
POL00141,UW009,Property,25000000,50000,100000,0.75,Occurrence,Active,2664052,20
POL00142,UW009,Industrial,5000000,25000,0,0.8,Occurrence,Review,2981839,8
POL00143,UW003,Property,2500000,25000,500000,0.5,Occurrence,Active,1006700,19
POL00144,UW008,Property,25000000,50000,100000,0.9,Occurrence,Active,3976887,17
POL00145,UW007,Property,2500000,250000,0,0.5,Occurrence,Active,4704133,20
POL00146,UW009,Industrial,10000000,250000,500000,0.9,Aggregate,Review,1735972,17
POL00147,UW005,Industrial,25000000,50000,500000,1,Aggregate,Active,4770826,18
POL00148,UW004,Property,25000000,100000,0,0.75,Aggregate,Active,1460332,9
POL00149,UW007,Commercial Package,1000000,250000,500000,0.9,Aggregate,Active,3591516,9
POL00150,UW004,Commercial Package,5000000,100000,0,0.75,Occurrence,Review,1784270,16
POL00151,UW004,Property,25000000,25000,500000,0.8,Occurrence,Active,4185698,1
POL00152,UW008,Industrial,10000000,50000,500000,0.9,Aggregate,Active,4519564,15
POL00153,UW001,Property,2500000,100000,500000,0.75,Occurrence,Active,4225941,6
POL00154,UW008,Commercial Package,5000000,50000,250000,0.5,Aggregate,Active,4691468,11
POL00155,UW001,Commercial Package,25000000,50000,500000,0.8,Occurrence,Active,3936760,5
POL00156,UW001,Property,5000000,25000,100000,0.8,Occurrence,Active,3147899,5
POL00157,UW011,Industrial,1000000,10000,100000,1,Aggregate,Active,1416238,13
POL00158,UW006,Industrial,10000000,100000,500000,0.8,Aggregate,Active,4223069,4
POL00159,UW008,Commercial Package,5000000,10000,0,1,Aggregate,Active,3389374,2
POL00160,UW003,Commercial Package,25000000,250000,0,1,Aggregate,Review,4308999,7
POL00161,UW002,Industrial,5000000,25000,100000,0.75,Aggregate,Active,3796012,10
POL00162,UW005,Property,10000000,25000,0,0.5,Occurrence,Active,3763652,14
POL00163,UW003,Commercial Package,10000000,250000,500000,0.75,Aggregate,Active,4227645,18
POL00164,UW005,Industrial,1000000,10000,0,0.75,Aggregate,Active,4224360,13
POL00165,UW002,Property,2500000,100000,500000,0.75,Aggregate,Active,1524498,3
POL00166,UW010,Industrial,25000000,50000,250000,0.9,Aggregate,Active,3340308,4
POL00167,UW010,Property,25000000,25000,250000,1,Occurrence,Active,3610294,10
POL00168,UW009,Commercial Package,10000000,100000,250000,0.8,Aggregate,Review,3857044,13
POL00169,UW002,Property,1000000,250000,250000,0.8,Occurrence,Active,3255985,20
POL00170,UW012,Industrial,2500000,100000,0,0.75,Aggregate,Review,2620922,7
POL00171,UW005,Property,10000000,100000,250000,1,Occurrence,Active,1592388,11
POL00172,UW001,Commercial Package,25000000,100000,250000,0.5,Aggregate,Review,3139825,8
POL00173,UW006,Commercial Package,2500000,100000,0,0.9,Occurrence,Active,3782707,2
POL00175,UW010,Property,2500000,100000,500000,0.9,Aggregate,Review,1808833,5
POL00176,UW006,Property,2500000,50000,100000,0.75,Aggregate,Review,2958533,8
POL00177,UW012,Property,1000000,10000,0,0.5,Occurrence,Review,3553517,16
POL00178,UW001,Commercial Package,10000000,10000,0,0.75,Occurrence,Active,3105981,7
POL00179,UW011,Industrial,2500000,50000,250000,0.8,Occurrence,Active,4699766,19
POL00181,UW001,Industrial,2500000,50000,0,0.8,Occurrence,Active,3822425,8
POL00182,UW007,Commercial Package,25000000,10000,100000,0.75,Occurrence,Active,3052730,7
POL00183,UW010,Commercial Package,25000000,50000,0,1,Occurrence,Active,1982782,19
POL00184,UW011,Industrial,10000000,250000,100000,0.8,Occurrence,Review,2013869,15
POL00185,UW007,Commercial Package,25000000,25000,0,0.8,Occurrence,Review,1525795,5
POL00186,UW005,Industrial,10000000,50000,250000,1,Aggregate,Review,4196754,16
POL00187,UW004,Commercial Package,2500000,50000,100000,0.8,Occurrence,Active,4612797,18
POL00188,UW003,Property,1000000,10000,0,0.5,Aggregate,Active,3745685,4
POL00189,UW012,Commercial Package,2500000,10000,250000,0.8,Occurrence,Review,1262102,9
POL00191,UW012,Property,10000000,100000,250000,0.5,Aggregate,Active,3506001,20
POL00192,UW006,Property,5000000,25000,100000,0.9,Occurrence,Active,2293758,10
POL00193,UW008,Industrial,5000000,100000,500000,0.75,Aggregate,Active,1890534,15
POL00194,UW011,Commercial Package,10000000,25000,500000,0.8,Occurrence,Active,1366276,3
POL00195,UW008,Commercial Package,2500000,50000,0,0.9,Occurrence,Active,1877137,20
POL00196,UW005,Property,2500000,25000,500000,1,Occurrence,Review,1325423,15
POL00197,UW010,Commercial Package,1000000,10000,250000,0.8,Aggregate,Active,4634981,12
POL00198,UW004,Property,1000000,100000,100000,1,Aggregate,Active,3431584,14
POL00199,UW007,Industrial,25000000,100000,100000,1,Occurrence,Review,4094704,2
POL00200,UW001,Commercial Package,25000000,250000,500000,0.8,Aggregate,Active,4559783,9
POL00201,UW007,Commercial Package,10000000,250000,500000,0.5,Occurrence,Active,3241194,12
POL00202,UW005,Industrial,25000000,25000,250000,0.9,Occurrence,Active,1075827,2
POL00203,UW001,Industrial,25000000,50000,250000,0.9,Occurrence,Active,1443362,3
POL00204,UW001,Commercial Package,2500000,100000,500000,0.75,Occurrence,Active,4977795,14
POL00206,UW001,Industrial,5000000,250000,500000,1,Aggregate,Active,5065945,17
POL00207,UW002,Property,10000000,250000,250000,0.75,Aggregate,Active,2374809,13
POL00208,UW011,Commercial Package,2500000,250000,0,0.75,Occurrence,Active,2981478,4
POL00209,UW003,Industrial,2500000,100000,0,0.5,Aggregate,Active,3026543,10
POL00210,UW007,Property,5000000,50000,100000,0.9,Occurrence,Active,2184659,9
POL00211,UW002,Property,1000000,50000,0,0.8,Occurrence,Active,4810977,20
POL00212,UW002,Commercial Package,2500000,10000,100000,0.8,Aggregate,Active,4281154,19
POL00213,UW008,Industrial,25000000,250000,0,0.9,Aggregate,Active,3796344,10
POL00214,UW007,Property,5000000,10000,100000,0.8,Aggregate,Active,1239741,6
POL00215,UW003,Commercial Package,25000000,10000,100000,0.5,Occurrence,Active,3154677,10
POL00216,UW007,Commercial Package,10000000,50000,250000,0.5,Occurrence,Review,2220176,2
POL00217,UW010,Industrial,2500000,25000,500000,0.75,Occurrence,Active,962549,4
POL00218,UW006,Industrial,10000000,250000,500000,0.9,Aggregate,Active,3186372,18
POL00219,UW001,Industrial,1000000,10000,100000,0.9,Aggregate,Active,2992964,3
POL00220,UW006,Commercial Package,5000000,50000,0,0.9,Occurrence,Active,2792709,9
POL00222,UW010,Property,1000000,250000,0,1,Aggregate,Review,1826222,4
POL00223,UW010,Property,25000000,250000,0,0.8,Aggregate,Active,2086822,1
POL00224,UW001,Property,5000000,250000,250000,0.9,Occurrence,Active,1339330,12
POL00225,UW005,Commercial Package,2500000,50000,100000,0.9,Aggregate,Active,1408488,13
POL00226,UW005,Industrial,25000000,50000,500000,0.5,Aggregate,Review,4234731,10
POL00227,UW003,Industrial,1000000,10000,250000,0.8,Occurrence,Active,2801384,16
POL00228,UW006,Property,25000000,250000,0,1,Occurrence,Active,4475679,19
POL00229,UW010,Property,5000000,50000,100000,0.5,Occurrence,Active,2868127,13
POL00230,UW012,Industrial,1000000,50000,0,0.8,Aggregate,Active,1616811,14
POL00231,UW007,Property,1000000,100000,250000,0.5,Aggregate,Active,2616688,9
POL00232,UW010,Property,1000000,25000,0,0.5,Occurrence,Review,4650638,9
POL00233,UW009,Property,1000000,100000,500000,0.8,Aggregate,Active,1919046,7
POL00234,UW006,Property,25000000,250000,0,0.75,Occurrence,Active,2726874,19
POL00235,UW003,Industrial,1000000,100000,100000,0.75,Occurrence,Review,5306433,7
POL00236,UW008,Industrial,1000000,250000,100000,0.8,Occurrence,Active,1233933,5
POL00237,UW004,Industrial,10000000,25000,500000,1,Aggregate,Active,3691297,10
POL00238,UW010,Commercial Package,2500000,100000,500000,1,Aggregate,Active,3368406,8
POL00239,UW011,Industrial,25000000,10000,250000,0.9,Aggregate,Active,4088152,6
POL00241,UW012,Commercial Package,1000000,100000,100000,1,Occurrence,Active,4735928,4
POL00242,UW012,Property,25000000,10000,100000,0.75,Occurrence,Active,2973117,9
POL00243,UW004,Commercial Package,1000000,10000,100000,0.9,Occurrence,Active,2443500,5
POL00244,UW002,Commercial Package,2500000,10000,500000,0.5,Occurrence,Review,3828457,19
POL00245,UW006,Commercial Package,2500000,25000,250000,0.5,Aggregate,Active,2493762,7
POL00246,UW007,Commercial Package,10000000,25000,100000,0.75,Occurrence,Active,2044153,3
POL00247,UW001,Commercial Package,10000000,100000,500000,0.8,Occurrence,Review,3613841,5
POL00248,UW012,Commercial Package,10000000,25000,0,0.5,Aggregate,Active,4413589,12
POL00249,UW005,Commercial Package,10000000,10000,100000,0.8,Occurrence,Review,1297055,15
POL00250,UW010,Commercial Package,1000000,100000,0,1,Aggregate,Active,3462367,3
POL00251,UW008,Commercial Package,2500000,100000,250000,0.75,Aggregate,Active,3548758,12
POL00252,UW001,Property,10000000,25000,100000,0.9,Aggregate,Review,2502074,15
POL00253,UW002,Commercial Package,2500000,250000,100000,1,Aggregate,Active,3010055,1
POL00254,UW012,Commercial Package,1000000,50000,250000,1,Occurrence,Active,3451291,1
POL00255,UW005,Property,25000000,10000,250000,0.75,Occurrence,Review,2094500,7
POL00256,UW006,Industrial,25000000,10000,0,0.75,Aggregate,Active,1839576,16
POL00257,UW002,Industrial,1000000,100000,100000,0.75,Aggregate,Review,5049506,20
POL00258,UW011,Commercial Package,5000000,50000,100000,1,Aggregate,Active,3750241,3
POL00260,UW004,Commercial Package,10000000,100000,100000,1,Occurrence,Active,2226760,7
POL00262,UW008,Property,5000000,100000,250000,0.75,Aggregate,Active,2680423,1
POL00263,UW004,Commercial Package,1000000,10000,100000,1,Occurrence,Active,770398,9
POL00264,UW002,Industrial,10000000,100000,0,1,Aggregate,Active,3130566,18
POL00265,UW002,Property,2500000,25000,250000,0.75,Aggregate,Active,2729931,9
POL00266,UW011,Industrial,25000000,100000,250000,0.5,Aggregate,Active,2362001,13
POL00267,UW002,Commercial Package,1000000,50000,0,0.75,Occurrence,Active,1822663,11
POL00268,UW011,Industrial,10000000,50000,100000,1,Occurrence,Review,2052210,16
POL00269,UW002,Industrial,2500000,100000,0,0.8,Occurrence,Active,2378864,4
POL00270,UW008,Industrial,1000000,100000,250000,0.8,Occurrence,Active,2199016,2
POL00271,UW004,Property,1000000,250000,250000,0.5,Occurrence,Active,3730508,7
POL00272,UW004,Property,1000000,25000,100000,0.75,Aggregate,Review,3095967,12
POL00273,UW001,Property,1000000,100000,100000,0.75,Occurrence,Active,3763266,7
POL00274,UW003,Commercial Package,5000000,100000,0,0.75,Aggregate,Active,1004915,10
POL00275,UW011,Commercial Package,2500000,50000,100000,0.5,Occurrence,Active,3446618,14
POL00276,UW007,Property,2500000,25000,100000,0.5,Aggregate,Active,3753954,12
POL00277,UW008,Property,2500000,50000,250000,1,Occurrence,Review,1719163,8
POL00278,UW005,Commercial Package,10000000,25000,500000,1,Aggregate,Active,3615665,4
POL00279,UW007,Industrial,1000000,25000,250000,0.9,Aggregate,Active,3735037,8
POL00280,UW004,Industrial,25000000,10000,0,0.75,Occurrence,Review,2272073,13
POL00281,UW009,Property,10000000,250000,0,0.75,Occurrence,Active,4916143,8
POL00282,UW004,Industrial,2500000,10000,0,1,Occurrence,Active,2886095,6
POL00284,UW005,Commercial Package,25000000,250000,250000,0.5,Occurrence,Active,1521368,1
POL00286,UW003,Property,1000000,100000,100000,0.9,Occurrence,Active,4925145,5
POL00287,UW012,Industrial,25000000,100000,500000,0.5,Occurrence,Active,2580623,9
POL00288,UW001,Property,10000000,25000,250000,0.8,Occurrence,Active,2847717,8
POL00289,UW003,Industrial,1000000,10000,250000,0.5,Occurrence,Active,2913998,20
POL00290,UW009,Industrial,2500000,100000,500000,0.5,Aggregate,Active,2944350,6
POL00291,UW006,Commercial Package,25000000,10000,250000,0.75,Occurrence,Active,1791052,19
POL00292,UW009,Property,5000000,50000,0,0.75,Aggregate,Active,3751598,10
POL00293,UW003,Commercial Package,10000000,250000,100000,0.5,Occurrence,Active,4166089,17
POL00294,UW008,Property,10000000,100000,500000,0.5,Occurrence,Active,2330452,19
POL00296,UW006,Industrial,1000000,50000,500000,0.75,Aggregate,Active,4542691,2
POL00297,UW007,Commercial Package,5000000,250000,100000,0.8,Occurrence,Active,3466293,19
POL00298,UW006,Commercial Package,10000000,25000,100000,0.8,Occurrence,Active,3342074,9
POL00299,UW012,Property,5000000,25000,500000,1,Occurrence,Review,1123777,16
POL00300,UW007,Industrial,1000000,100000,100000,0.75,Aggregate,Active,3029275,8
POL00301,UW003,Property,1000000,250000,100000,1,Occurrence,Active,1583721,20
POL00302,UW009,Property,1000000,10000,250000,0.9,Occurrence,Active,2896330,1
POL00303,UW008,Property,5000000,25000,500000,1,Occurrence,Review,4063853,7
POL00304,UW005,Property,2500000,250000,500000,0.5,Occurrence,Active,5387733,19
POL00305,UW012,Property,2500000,100000,250000,1,Aggregate,Review,1125253,5
POL00306,UW007,Industrial,5000000,25000,100000,0.5,Occurrence,Active,1753500,13
POL00307,UW005,Commercial Package,25000000,100000,0,0.75,Occurrence,Review,3167811,5
POL00308,UW003,Commercial Package,1000000,100000,500000,0.8,Aggregate,Active,3638248,5
POL00309,UW012,Industrial,1000000,25000,100000,0.9,Aggregate,Active,817362,10
POL00310,UW012,Property,25000000,25000,100000,0.8,Occurrence,Review,4188355,7
POL00311,UW005,Industrial,10000000,50000,250000,0.9,Occurrence,Active,3299659,13
POL00312,UW005,Commercial Package,1000000,50000,100000,0.75,Occurrence,Review,1732947,1
POL00313,UW005,Industrial,25000000,10000,0,0.8,Occurrence,Active,4078560,16
POL00314,UW006,Property,2500000,25000,100000,0.75,Aggregate,Active,4567062,4
POL00315,UW002,Property,1000000,100000,100000,0.75,Occurrence,Review,3437246,2
POL00316,UW010,Property,25000000,100000,0,0.5,Occurrence,Active,1059094,12
POL00317,UW007,Industrial,2500000,100000,100000,0.75,Aggregate,Active,1833262,10
POL00318,UW002,Industrial,1000000,100000,0,0.5,Aggregate,Active,4075776,4
POL00319,UW009,Industrial,10000000,10000,500000,0.9,Occurrence,Active,2453220,16
POL00320,UW010,Property,2500000,25000,0,0.5,Aggregate,Review,4016522,11
POL00321,UW004,Industrial,1000000,250000,0,0.75,Aggregate,Active,2300123,10
POL00323,UW010,Property,10000000,100000,250000,0.8,Aggregate,Active,2910636,17
POL00324,UW010,Commercial Package,25000000,25000,250000,0.9,Occurrence,Active,5027607,2
POL00325,UW002,Industrial,1000000,50000,0,1,Aggregate,Active,2296433,9
POL00326,UW007,Industrial,25000000,50000,100000,0.75,Aggregate,Active,1951073,13
POL00327,UW004,Property,1000000,250000,500000,0.75,Occurrence,Active,731395,1
POL00329,UW002,Property,25000000,250000,100000,1,Aggregate,Active,1506352,9
POL00330,UW002,Commercial Package,5000000,50000,0,0.9,Occurrence,Active,2316989,15
POL00331,UW012,Property,2500000,250000,500000,1,Aggregate,Active,2174903,9
POL00332,UW007,Commercial Package,5000000,25000,500000,0.9,Occurrence,Active,3852807,4
POL00333,UW001,Property,1000000,25000,0,0.9,Occurrence,Active,1843024,7
POL00334,UW001,Commercial Package,5000000,100000,0,0.9,Occurrence,Review,4410608,6
POL00335,UW003,Property,1000000,50000,0,0.75,Aggregate,Active,2812904,15
POL00336,UW007,Industrial,5000000,10000,100000,0.9,Occurrence,Review,1680574,12
POL00338,UW010,Property,10000000,100000,100000,1,Aggregate,Active,5118690,15
POL00339,UW009,Property,1000000,10000,250000,0.75,Aggregate,Active,2375694,11
POL00340,UW011,Industrial,5000000,50000,500000,0.75,Occurrence,Review,4617602,5
POL00342,UW010,Industrial,1000000,25000,250000,0.75,Occurrence,Active,2826689,11
POL00343,UW010,Property,1000000,50000,0,0.9,Aggregate,Active,2430217,14
POL00344,UW001,Industrial,5000000,50000,100000,1,Aggregate,Active,2344350,3
POL00345,UW010,Industrial,25000000,25000,500000,0.9,Aggregate,Active,2662486,20
POL00346,UW002,Industrial,25000000,250000,500000,1,Aggregate,Active,4225804,1
POL00347,UW011,Industrial,25000000,50000,500000,1,Occurrence,Active,3810088,12
POL00348,UW001,Industrial,5000000,250000,250000,0.5,Aggregate,Active,4626664,12
POL00349,UW004,Commercial Package,2500000,25000,100000,0.5,Occurrence,Review,2906863,4
