"occupancy","construction_code","year_built_band","total_tiv","severe_tiv","severe_tiv_share","severe_location_count","policy_count","severe_tiv_share_rank","severe_tiv_rank"
"Hospitality","CONCRETE","1960-1979","76009008","36163329","47.5776884234563355960000","11","23","65","80"
"Commercial","CONCRETE","1960-1979","67893603","35357881","52.0783688560467176860000","9","19","71","79"
"Commercial","MASONRY","1980-1999","71738263","31614713","44.0695267461382498210000","8","18","60","78"
"Hospitality","CONCRETE","1980-1999","65470683","31533945","48.1649855401691777070000","9","19","68","77"
"Residential","CONCRETE","1980-1999","64313965","24840243","38.6234047302168354880000","8","20","53","76"
"Residential","STEEL","1980-1999","45567179","24568071","53.9161553099435890030000","7","13","73","75"
"Hospitality","STEEL","2000-2019","53412104","24530581","45.9270074813004932370000","8","17","62","74"
"Industrial","WOOD","1960-1979","50569449","22968906","45.4205186218263916620000","7","14","61","73"
"Residential","CONCRETE","2000-2019","56411346","22316091","39.5595790251131394740000","7","17","55","72"
"Commercial","MASONRY","1960-1979","52028279","22102564","42.4818280074188116040000","7","17","58","71"
"Industrial","CONCRETE","1960-1979","58647440","21452205","36.5782462115993468770000","7","22","48","70"
"Residential","WOOD","1980-1999","91706844","21237437","23.1579629978325281810000","7","30","27","69"
"Residential","MASONRY","1980-1999","53188125","21150743","39.7659120339361464610000","7","17","56","68"
"Residential","STEEL","1960-1979","36829988","19275058","52.3352274782169356120000","5","10","72","67"
"Commercial","WOOD","1960-1979","50447614","18492150","36.6561439357667143580000","7","17","49","66"
"Commercial","WOOD","2000-2019","56977256","18424883","32.3372592741215898500000","5","18","39","65"
"Hospitality","MASONRY","2000-2019","76923157","17111302","22.2446694432991095260000","5","22","22","64"
"Industrial","STEEL","1980-1999","50303655","16523229","32.8469750359094185100000","8","19","40","63"
"Hospitality","CONCRETE","2000-2019","42278681","16517614","39.0684231610725982680000","5","15","54","62"
"Industrial","CONCRETE","2000-2019","44922221","15766935","35.0982980115787240350000","5","15","45","61"
"Industrial","WOOD","1980-1999","51231167","15754037","30.7508845152795367710000","5","18","38","60"
"Hospitality","WOOD","1980-1999","56104863","15632614","27.8632067954608498020000","5","17","32","59"
"Industrial","MASONRY","2000-2019","45755808","15590689","34.0736830611755342620000","6","15","42","58"
"Residential","WOOD","2000-2019","31861926","15325083","48.0984200390145906430000","5","11","67","57"
"Residential","STEEL","2000-2019","56371397","15000091","26.6094008633491910800000","5","19","30","56"
"Hospitality","WOOD","1960-1979","41491333","14790127","35.6463047354974109890000","5","17","46","55"
"Hospitality","MASONRY","1960-1979","63993805","14762080","23.0679829086581115160000","5","20","26","54"
"Industrial","CONCRETE","1980-1999","63896084","14488231","22.6746775279686936680000","6","19","23","53"
"Commercial","STEEL","1960-1979","53027923","14440940","27.2327090766877669340000","5","19","31","52"
"Industrial","MASONRY","1960-1979","28362800","13444547","47.4020442269451535110000","5","11","64","51"
"Residential","MASONRY","2000-2019","78871746","13352215","16.9290217056942038530000","5","24","14","50"
"Residential","CONCRETE","1960-1979","34406176","13216198","38.4122838876369172790000","3","10","52","49"
"Industrial","STEEL","1960-1979","57363401","13113569","22.8605151915591615640000","4","16","24","48"
"Residential","WOOD","1960-1979","34352670","12599607","36.6772277089379078830000","4","11","50","47"
"Hospitality","STEEL","Pre-1960","33178246","12415158","37.4195730539824196850000","4","10","51","46"
"Industrial","STEEL","2000-2019","47341205","12269501","25.9171708873908046910000","3","14","29","45"
"Residential","MASONRY","Pre-1960","26053053","12269059","47.0925960193609555090000","4","10","63","44"
"Commercial","STEEL","1980-1999","19207088","12163975","63.3306568908311348390000","3","6","75","43"
"Industrial","MASONRY","Pre-1960","16661891","11621808","69.7508344040901479910000","3","5","78","42"
"Commercial","STEEL","2000-2019","40098205","11592958","28.9114138650346069110000","4","14","36","41"
"Commercial","CONCRETE","Post-2019","17358232","11573952","66.6770210238001197360000","3","5","77","40"
"Industrial","MASONRY","1980-1999","39702661","11169376","28.1325627015277389090000","4","15","33","39"
"Commercial","CONCRETE","1980-1999","57112581","10840003","18.9800615034365195300000","4","18","17","38"
"Commercial","STEEL","Post-2019","31500499","10515513","33.3820521382851744670000","3","10","41","37"
"Hospitality","MASONRY","1980-1999","52139585","10383708","19.9152102955940289900000","4","16","20","36"
"Residential","MASONRY","1960-1979","49565004","9987804","20.1509193865897801600000","3","15","21","35"
"Hospitality","STEEL","Post-2019","9694391","9694391","100.0000000000000000000000","3","3","80","34"
"Hospitality","MASONRY","Pre-1960","17162249","9480537","55.2406447430054184620000","3","5","74","33"
"Hospitality","STEEL","1960-1979","65788397","9186295","13.9633969193686236190000","4","21","10","32"
"Hospitality","WOOD","Pre-1960","19233170","9167761","47.6664065258093179650000","2","6","66","31"
"Commercial","MASONRY","Pre-1960","30787608","9066956","29.4500176824389864910000","4","12","37","30"
"Residential","WOOD","Post-2019","24875367","8704051","34.9906435551282519770000","2","7","44","29"
"Hospitality","STEEL","1980-1999","57346689","8337449","14.5386754586651027050000","4","18","11","28"
"Commercial","STEEL","Pre-1960","16964030","8297334","48.9113376951113621000000","3","6","69","27"
"Hospitality","CONCRETE","Pre-1960","22353679","8159622","36.5023672389676884950000","3","8","47","26"
"Industrial","STEEL","Pre-1960","11247742","7141069","63.4889118189233003390000","2","4","76","25"
"Industrial","WOOD","2000-2019","35933417","6853593","19.0730344403372493080000","3","13","18","24"
"Commercial","WOOD","Pre-1960","9497871","6660781","70.1292005334669211660000","3","5","79","23"
"Residential","STEEL","Pre-1960","15924743","6411477","40.2611018589122599970000","3","8","57","22"
"Commercial","WOOD","1980-1999","66226198","6354994","9.5958913419731569070000","3","21","6","21"
"Residential","WOOD","Pre-1960","14476374","6211973","42.9111115808419981410000","2","4","59","20"
"Commercial","CONCRETE","2000-2019","24593489","5785021","23.5225713602490480310000","2","8","28","19"
"Hospitality","CONCRETE","Post-2019","9500741","4810977","50.6379134006494861820000","1","3","70","18"
"Residential","CONCRETE","Pre-1960","13842385","4792865","34.6245607241815626430000","2","7","43","17"
"Commercial","MASONRY","2000-2019","52888734","4724936","8.9337286840709781410000","1","18","5","16"
"Commercial","CONCRETE","Pre-1960","34156469","4617602","13.5189676661249732810000","1","12","9","15"
"Hospitality","MASONRY","Post-2019","14566806","4207694","28.8854948710101583010000","2","5","35","14"
"Residential","CONCRETE","Post-2019","22131421","4045933","18.2813972948235000360000","1","6","16","13"
"Hospitality","WOOD","2000-2019","23234711","3681161","15.8433690008022910210000","1","7","13","12"
"Commercial","MASONRY","Post-2019","15715040","3610294","22.9734954540363880720000","1","6","25","11"
"Industrial","MASONRY","Post-2019","12582800","3557015","28.2688670248275423590000","1","5","34","10"
"Hospitality","WOOD","Post-2019","17562401","3356708","19.1130358542661678210000","1","5","19","9"
"Residential","STEEL","Post-2019","18992035","2802464","14.7559963953309900700000","1","6","12","8"
"Industrial","WOOD","Pre-1960","24389346","2482461","10.1784648100035154690000","1","8","8","7"
"Residential","MASONRY","Post-2019","14033372","2410915","17.1798695281504687540000","1","4","15","6"
"Industrial","CONCRETE","Pre-1960","22275874","2185960","9.8131278709872393780000","1","6","7","5"
"Industrial","WOOD","Post-2019","14712747","0","0.00000000000000000000000000","0","4","3","4"
"Industrial","CONCRETE","Post-2019","8894445","0","0.00000000000000000000000000","0","4","2","3"
"Commercial","WOOD","Post-2019","6540575","0","0.00000000000000000000000000","0","2","1","2"
"Industrial","STEEL","Post-2019","1418292","0","0.00000000000000000000000000","0","1","4","1"
